REMOTE_APP_PACKETS,SOURCEAPPBYTES,DISTREMOTETCPPORT,TCPCONVERSATIONEXCHANGE,REMOTEIPS,REMOTEAPPBYTES,Type
10,1153,0,7,2,832,1
19,1265,7,17,4,1230,0
0,0,0,0,0,0,0
37,18784,22,31,3,4380,0
62,129889,2,57,5,4586,0
13,838,6,11,9,894,0
13,8559,0,12,3,1327,0
0,0,0,0,0,0,0
3,213,0,0,0,146,1
1,62,0,0,0,146,1
0,0,0,0,0,0,0
0,0,0,0,0,0,0
20,2334,6,16,8,1784,0
29,16408,19,25,4,4746,0
0,0,0,0,0,0,0
10,1960,0,7,1,1011,1
9,1580,0,6,2,745,1
9,562,7,7,3,618,0
17,15476,1,13,5,1243,0
9,1354,0,9,4,994,1
42,22495,29,39,6,4125,0
10,636,6,8,6,696,0
6,372,3,4,2,420,0
12,5165,0,12,2,2559,0
10,1417,0,6,3,950,0
0,0,0,0,0,0,0
0,0,0,0,0,0,0
0,0,0,0,0,0,0
20,13422,3,16,11,1844,0
0,0,0,0,0,0,0
0,0,0,0,0,0,0
0,0,0,0,0,0,0
0,0,0,0,0,0,0
4,244,4,7,5,630,0
11,696,5,24,8,1740,0
20,6179,7,19,6,2684,0
25,5737,14,19,6,2276,0
8,1138,0,4,1,823,0
15,1900,0,10,5,1476,0
50,56926,4,43,4,6046,0
11,1837,0,8,2,871,0
45,12003,17,40,16,3729,0
0,0,0,0,0,0,0
5,318,0,2,1,132,1
10,1269,0,7,2,868,1
106,106925,54,84,5,11482,0
75,90508,3,65,5,6596,0
18,5601,6,14,6,2171,0
9,562,7,7,3,618,0
4,244,3,6,2,528,0
8,508,4,6,4,564,0
23,9471,2,19,4,2441,0
16,1839,2,12,7,1292,0
13,1276,1,21,8,1914,0
22,2562,6,16,8,2729,0
25,3890,5,19,9,1540,0
28,9332,3,23,15,2799,0
0,0,0,0,0,0,0
0,0,0,0,0,0,0
0,0,0,0,0,0,0
4,250,2,5,4,474,0
7,442,5,6,2,564,0
17,14050,0,12,5,1615,0
16,9806,3,11,4,1530,0
17,1735,7,18,9,1898,0
35,10343,17,36,9,5173,0
0,0,0,0,0,0,0
0,0,0,0,0,0,0
0,0,0,0,0,0,0
14,11935,0,12,2,1204,1
12,2242,1,9,2,1018,1
30,21098,0,24,3,2992,1
12,2101,0,9,4,994,1
10,2000,0,7,2,1016,1
9,1913,0,7,2,1036,1
0,0,0,0,0,0,0
0,0,0,0,0,0,0
0,0,0,0,0,0,0
0,0,0,0,0,0,0
19,6226,0,13,1,1856,0
19,5765,19,26,5,2991,0
50,32025,39,43,3,7063,0
10,696,7,9,4,702,0
9,562,9,11,7,882,0
6,482,3,4,2,396,0
47,60076,0,43,2,3564,0
18,5605,12,46,11,4047,0
27,6199,8,21,9,2637,0
12,1650,0,7,2,1300,0
0,0,0,0,0,0,0
0,0,0,0,0,0,0
0,0,0,0,0,0,0
0,0,0,0,0,0,0
0,0,0,0,0,0,0
45,39662,0,38,3,4679,1
13,4524,0,9,1,1992,1
0,0,0,0,0,0,0
0,0,0,0,0,0,0
5,306,3,3,1,366,0
44,34101,13,40,14,4253,0
11,812,0,6,4,787,0
0,0,0,0,0,0,0
9,1062,0,5,1,732,1
9,1154,0,5,2,860,1
0,0,0,0,0,0,0
0,0,0,0,0,0,0
0,0,0,0,0,0,0
0,0,0,0,0,0,0
8,612,4,6,3,552,0
10,634,4,8,6,696,0
6,364,3,5,3,474,0
25,6137,7,21,5,3400,0
12,8019,9,14,2,2094,0
24,2167,1,17,7,2322,0
27,21419,12,17,3,2740,0
64,63634,5,66,11,6633,0
33,24662,5,28,8,2482,0
8,593,0,6,3,776,0
48,30057,26,33,4,4064,0
0,0,0,0,0,0,0
36,27404,19,26,3,2916,0
0,0,0,0,0,0,0
40,34995,0,34,2,3416,1
8,1128,0,5,2,751,1
0,0,0,0,0,0,0
0,0,0,0,0,0,0
0,0,0,0,0,0,0
0,0,0,0,0,0,0
0,0,0,0,0,0,0
0,0,0,0,0,0,0
0,0,0,0,0,0,0
0,0,0,0,0,0,0
30,22379,6,26,5,2851,0
9,568,8,12,6,900,0
837,83056,708,709,3,2362906,0
7,542,4,5,2,486,0
9,605,8,15,7,1134,0
5,306,3,3,1,366,0
7,436,3,5,3,486,0
15,1062,9,17,10,1249,0
26,15260,9,34,6,3229,0
14,918,2,10,9,772,0
36,10429,21,32,8,4997,0
35,46688,6,33,5,3859,0
33,24455,0,28,5,3777,0
18,1334,6,21,11,1675,0
30,55576,1,24,3,2515,0
0,0,0,0,0,0,0
0,0,0,0,0,0,0
0,0,0,0,0,0,0
0,0,0,0,0,0,0
0,0,0,0,0,0,0
9,1094,0,7,2,826,1
0,0,0,0,0,0,0
0,0,0,0,0,0,0
17,5546,9,14,3,2182,0
69,30726,52,62,12,10006,0
27,9833,17,22,2,4350,0
19,1451,17,18,5,1188,0
9,564,4,6,4,552,0
4,250,2,2,1,276,0
17,5586,2,15,6,1860,0
100,95659,6,90,14,8808,0
37,27412,26,31,2,4848,0
41,34388,23,31,3,4183,0
44,23985,47,76,12,9891,0
26,2764,1,23,10,2194,0
48,57377,3,48,6,3706,0
0,0,0,0,0,0,0
0,0,0,0,0,0,0
0,0,0,0,0,0,0
11,1018,0,7,2,1031,1
0,0,0,0,0,0,0
0,0,0,0,0,0,0
0,0,0,0,0,0,0
0,0,0,0,0,0,0
70,26049,53,65,14,9452,0
12,766,3,9,7,738,0
6,372,3,4,2,432,0
9,955,0,5,1,929,0
32,6566,13,28,13,3037,0
33,43878,0,27,3,3181,0
28,16553,1,23,4,2736,0
23,7756,14,18,3,2543,0
27,9867,17,23,3,4417,0
113,179439,0,103,3,7217,0
16,1145,8,13,8,1519,0
64,25686,45,57,12,9020,0
0,0,0,0,0,0,0
0,0,0,0,0,0,0
0,0,0,0,0,0,0
26,3824,1,22,5,3367,1
16,3229,1,14,4,1881,1
0,0,0,0,0,0,0
0,0,0,0,0,0,0
0,0,0,0,0,0,0
26,1881,5,17,8,1452,0
0,0,0,0,0,0,0
0,0,0,0,0,0,0
0,0,0,0,0,0,0
20,9588,10,14,2,2498,0
52,24774,42,49,5,8497,0
29,17335,0,24,4,2456,0
5,310,3,4,2,432,0
7,426,3,5,2,474,0
121,173484,0,94,4,12492,0
15,1124,10,11,6,798,0
7,442,3,6,4,564,0
13,1541,1,8,4,958,0
70,88707,0,71,3,11147,0
28,9246,26,43,14,4650,0
40,50608,0,36,2,3465,0
25,40314,2,24,4,2168,0
12,7145,0,7,3,1060,0
35,58676,2,38,5,4945,0
16,7280,0,13,2,2349,0
0,0,0,0,0,0,0
14,2116,1,13,5,1787,1
26,3814,1,23,5,3431,1
20,2848,1,18,5,2577,1
6,388,0,4,4,264,1
15,1211,1,14,8,1445,1
11,1362,0,8,2,1333,1
0,0,0,0,0,0,0
0,0,0,0,0,0,0
0,0,0,0,0,0,0
0,0,0,0,0,0,0
0,0,0,0,0,0,0
0,0,0,0,0,0,0
0,0,0,0,0,0,0
0,0,0,0,0,0,0
0,0,0,0,0,0,0
51,46498,7,52,8,3718,0
5,304,3,4,2,420,0
6,474,5,7,4,606,0
32,11543,11,32,6,4286,0
6,382,2,4,3,408,0
9,556,4,8,5,660,0
7,542,4,5,2,486,0
6,476,4,10,4,816,0
30,18396,1,24,4,3703,0
27,4760,0,19,3,2622,0
130,179133,98,105,7,9172,0
0,0,0,0,0,0,0
27,3896,5,27,8,3313,1
18,2661,1,15,5,2068,1
31,10750,0,26,3,4037,1
14,1382,0,9,4,990,1
0,0,0,0,0,0,0
0,0,0,0,0,0,0
0,0,0,0,0,0,0
40,14571,27,33,2,5835,0
0,0,0,0,0,0,0
0,0,0,0,0,0,0
0,0,0,0,0,0,0
0,0,0,0,0,0,0
9,564,3,6,4,552,0
10,636,6,8,5,696,0
7,442,9,34,9,2412,0
5,306,3,3,1,366,0
5,306,3,5,2,498,0
4,244,3,3,1,366,0
5,310,3,4,2,432,0
26,10015,1,17,2,2167,0
45,39544,0,42,3,5241,0
42,33677,25,34,9,4365,0
24,16147,0,21,5,2450,0
33,13095,20,24,2,4808,0
10,1979,0,7,2,1030,0
29,7939,3,23,11,2520,0
0,0,0,0,0,0,0
0,0,0,0,0,0,0
0,0,0,0,0,0,0
45,35301,0,39,3,3722,1
45,35301,0,39,2,3722,1
21,20976,0,18,2,2252,1
17,2640,1,15,5,2073,1
26,3801,1,21,5,2957,1
12,964,1,12,5,1622,1
20,2868,1,19,5,2661,1
22,2996,1,18,5,2595,1
22,2996,1,19,5,2661,1
25,3773,1,23,5,3454,1
23,2970,1,15,2,2302,1
0,0,0,0,0,0,0
0,0,0,0,0,0,0
0,0,0,0,0,0,0
25,1928,15,22,8,1699,0
25,39924,1,21,4,2715,0
61,38255,10,49,6,3261,0
4,244,3,4,2,420,0
4,244,3,3,1,366,0
6,372,3,4,2,432,0
12,861,9,10,4,756,0
5,306,6,8,6,696,0
6,372,4,4,2,432,0
24,1788,12,21,12,1446,0
6,364,4,5,3,474,0
27,19078,8,23,5,3535,0
46,42286,3,45,7,3857,0
42,52720,0,37,3,3697,0
17,1862,2,12,6,1542,0
51,26115,40,44,6,7849,0
42,69898,6,41,4,5119,0
39,37146,5,32,8,3279,0
0,0,0,0,0,0,0
33,36261,1,27,5,3051,0
23,2306,9,16,8,1423,0
0,0,0,0,0,0,0
0,0,0,0,0,0,0
216,270752,18,208,9,21646,1
10,822,1,7,5,760,1
17,2579,1,17,7,2210,1
12,966,1,11,4,1554,1
23,3542,1,21,5,2951,1
23,3612,1,19,5,2819,1
10,703,0,6,4,520,1
0,0,0,0,0,0,0
0,0,0,0,0,0,0
0,0,0,0,0,0,0
0,0,0,0,0,0,0
0,0,0,0,0,0,0
0,0,0,0,0,0,0
27,2113,2,18,8,1572,0
19,1294,10,14,6,1246,0
4,244,3,3,1,366,0
3,184,2,2,1,276,0
7,438,3,5,3,498,0
5,306,3,5,2,474,0
19,2165,2,18,6,1994,0
79,123896,7,61,6,6388,0
96,107416,73,85,9,7962,0
11,16959,0,8,2,958,0
19,7746,8,22,4,3172,0
6,668,0,3,1,640,0
18,5214,7,14,5,1234,0
13,4860,0,12,4,1631,0
11,1284,0,7,2,870,0
21,14373,0,17,4,2615,0
0,0,0,0,0,0,0
0,0,0,0,0,0,0
0,0,0,0,0,0,0
53,66214,0,49,1,3657,1
5,407,0,2,2,276,1
4,404,0,1,1,206,1
50,40316,2,44,10,5511,1
14,2991,0,12,2,2245,1
13,1363,0,19,6,1667,1
0,0,0,0,0,0,0
0,0,0,0,0,0,0
0,0,0,0,0,0,0
0,0,0,0,0,0,0
0,0,0,0,0,0,0
0,0,0,0,0,0,0
0,0,0,0,0,0,0
0,0,0,0,0,0,0
11,696,5,23,8,1674,0
14,882,10,11,7,834,0
8,535,5,6,2,540,0
5,328,2,4,2,408,0
11,739,5,8,5,648,0
6,474,4,6,3,540,0
6,557,0,4,3,444,0
35,14050,7,31,12,3005,0
35,31623,23,27,1,3781,0
48,129181,0,44,4,4079,0
18,1690,1,16,6,2055,0
15,2201,6,15,7,1425,0
31,21144,0,21,4,1797,0
88,247488,6,68,7,5345,0
28,3605,5,18,10,2890,0
0,0,0,0,0,0,0
0,0,0,0,0,0,0
0,0,0,0,0,0,0
5,316,4,14,6,888,1
27,3916,1,22,5,3409,1
15,7249,0,15,2,2806,1
25,7997,1,19,3,3058,1
9,1097,0,7,2,880,1
0,0,0,0,0,0,0
0,0,0,0,0,0,0
20,19623,0,18,1,1616,0
0,0,0,0,0,0,0
0,0,0,0,0,0,0
23,15551,0,19,3,2143,0
0,0,0,0,0,0,0
0,0,0,0,0,0,0
0,0,0,0,0,0,0
0,0,0,0,0,0,0
0,0,0,0,0,0,0
0,0,0,0,0,0,0
0,0,0,0,0,0,0
45,25776,25,39,11,6115,0
9,562,7,7,3,618,0
16,1012,13,13,9,1002,0
4,244,3,4,2,432,0
8,539,6,6,3,540,0
5,306,2,3,2,330,0
9,968,0,8,3,1106,0
42,39325,17,46,7,5906,0
31,9718,8,35,14,3506,0
24,6542,7,23,7,2417,0
13,1006,7,13,7,1216,0
21,15940,5,23,9,3153,0
77,54909,40,58,3,8787,0
28,7395,12,23,8,3439,0
20,8052,0,16,5,2219,0
20,8768,0,16,3,2307,0
53,54041,30,35,2,4497,0
24,20606,0,20,3,1890,0
40,40666,20,42,4,4998,0
431,1058608,279,288,10,21187,0
0,0,0,0,0,0,0
42,35677,0,44,4,5586,0
0,0,0,0,0,0,0
0,0,0,0,0,0,0
0,0,0,0,0,0,0
6,388,0,4,4,264,1
12,960,1,11,4,1548,1
25,4850,5,26,8,2759,1
26,3285,0,20,6,2772,1
23,7783,0,20,2,3440,1
11,1321,0,8,1,1101,1
0,0,0,0,0,0,0
0,0,0,0,0,0,0
0,0,0,0,0,0,0
0,0,0,0,0,0,0
0,0,0,0,0,0,0
0,0,0,0,0,0,0
0,0,0,0,0,0,0
0,0,0,0,0,0,0
0,0,0,0,0,0,0
0,0,0,0,0,0,0
0,0,0,0,0,0,0
0,0,0,0,0,0,0
0,0,0,0,0,0,0
0,0,0,0,0,0,0
0,0,0,0,0,0,0
37,33021,26,30,1,3947,0
0,0,0,0,0,0,0
0,0,0,0,0,0,0
0,0,0,0,0,0,0
0,0,0,0,0,0,0
0,0,0,0,0,0,0
0,0,0,0,0,0,0
68,60586,52,61,4,8017,0
0,0,0,0,0,0,0
0,0,0,0,0,0,0
11,1506,0,8,2,1361,0
20,6701,7,16,3,2683,0
68,58285,48,64,8,7005,0
4,244,2,2,1,276,0
4,244,6,16,4,1224,0
22,7472,24,34,7,5528,0
3,184,2,6,3,492,0
7,438,3,5,2,498,0
18,1334,9,22,9,1560,0
11,702,9,22,10,1524,0
4,246,2,2,1,276,0
5,306,3,3,1,366,0
16,1030,7,18,11,1308,0
7,436,4,10,5,816,0
12,762,4,8,6,684,0
5,310,3,4,2,420,0
4,244,3,3,1,366,0
4,244,5,12,5,912,0
10,634,5,11,5,894,0
11,788,8,9,6,714,0
32,11756,11,25,4,4385,0
20,2926,2,10,7,1241,0
26,7080,6,23,10,3121,0
29,15626,6,28,13,2879,0
70,57005,54,63,5,7630,0
12,19264,0,9,1,1045,0
46,20061,11,40,12,6502,0
68,59068,36,44,6,5721,0
47,29141,33,38,1,7171,0
73,82537,67,71,7,8282,0
16,1287,6,12,9,1213,0
32,9290,13,24,8,3190,0
26,2183,17,23,8,2262,0
80,68036,60,69,5,9350,0
71,63630,56,64,5,7822,0
18,1612,3,13,7,1605,0
65,54988,50,62,5,6861,0
64,56509,49,57,5,6543,0
38,129083,0,35,2,3384,0
66,58109,51,60,4,7095,0
0,0,0,0,0,0,0
0,0,0,0,0,0,0
0,0,0,0,0,0,0
0,0,0,0,0,0,0
0,0,0,0,0,0,0
77,61807,56,66,7,9152,0
0,0,0,0,0,0,0
0,0,0,0,0,0,0
0,0,0,0,0,0,0
0,0,0,0,0,0,0
0,0,0,0,0,0,0
0,0,0,0,0,0,0
0,0,0,0,0,0,0
0,0,0,0,0,0,0
0,0,0,0,0,0,0
12,964,1,12,5,1622,1
14,2091,1,12,4,1749,1
12,960,1,11,4,1548,1
25,3786,1,21,5,2983,1
22,3021,1,19,5,2691,1
18,2462,0,11,2,1741,1
22,7715,0,19,2,3074,1
0,0,0,0,0,0,0
0,0,0,0,0,0,0
0,0,0,0,0,0,0
0,0,0,0,0,0,0
0,0,0,0,0,0,0
0,0,0,0,0,0,0
14,1612,0,8,2,1324,0
0,0,0,0,0,0,0
0,0,0,0,0,0,0
0,0,0,0,0,0,0
0,0,0,0,0,0,0
0,0,0,0,0,0,0
0,0,0,0,0,0,0
5,310,4,7,3,630,0
5,306,3,3,1,366,0
4,244,12,14,5,1092,0
5,306,3,3,1,366,0
206,295213,17,156,12,23877,0
4,244,3,5,3,486,0
10,642,4,12,8,924,0
27,23886,6,24,4,1950,0
20,12358,3,17,9,1546,0
26,16035,11,16,2,2576,0
13,2036,1,8,3,1524,0
25,26799,0,21,2,2165,0
26,38477,0,22,2,1886,0
88,117625,9,76,7,8898,0
19,1626,10,15,4,1538,0
36,32381,1,26,3,4517,0
59,67881,4,56,8,4843,0
12,2833,4,8,1,1637,0
29,16019,0,24,9,2404,0
54,15706,41,48,9,6657,0
23,25358,5,16,5,1931,0
27,5557,5,20,9,3248,0
19,6759,1,14,3,2497,0
37,41717,1,38,3,3531,0
0,0,0,0,0,0,0
0,0,0,0,0,0,0
0,0,0,0,0,0,0
0,0,0,0,0,0,0
12,1991,0,9,3,1430,1
19,2798,1,15,5,2103,1
26,12486,0,24,2,4498,1
28,31378,0,22,3,2640,1
10,1162,0,7,1,1047,1
13,1977,0,8,2,1601,0
0,0,0,0,0,0,0
0,0,0,0,0,0,0
0,0,0,0,0,0,0
0,0,0,0,0,0,0
0,0,0,0,0,0,0
2,124,0,0,0,0,0
4,244,3,3,1,366,0
7,442,5,7,5,630,0
8,522,3,5,3,576,0
24,13792,0,20,2,2055,0
12,1532,0,8,1,1390,0
37,37001,27,34,3,5499,0
23,18348,0,18,3,2202,0
16,1335,3,10,5,1500,0
38,27522,11,34,4,4153,0
35,34427,0,26,8,2991,0
5,420,3,8,8,552,0
53,38924,12,40,6,3359,0
2,124,0,1,1,54,0
16,2763,1,10,4,1616,0
101,142735,41,101,5,11423,0
0,0,0,0,0,0,0
0,0,0,0,0,0,0
0,0,0,0,0,0,0
10,822,1,7,5,760,1
21,2969,1,18,4,2637,1
21,2969,1,18,5,2637,1
20,12884,0,15,3,2270,1
25,12416,0,24,2,4499,1
28,12614,0,25,2,4565,1
24,12354,0,23,2,4433,1
28,12614,0,25,2,4565,1
17,5911,0,15,6,2334,1
55,45279,11,51,7,5103,0
0,0,0,0,0,0,0
0,0,0,0,0,0,0
0,0,0,0,0,0,0
0,0,0,0,0,0,0
0,0,0,0,0,0,0
0,0,0,0,0,0,0
0,0,0,0,0,0,0
0,0,0,0,0,0,0
0,0,0,0,0,0,0
0,0,0,0,0,0,0
0,0,0,0,0,0,0
12,1496,0,7,2,1433,0
5,310,3,4,2,432,0
8,612,4,6,4,528,0
7,473,5,6,2,540,0
6,376,3,5,3,498,0
6,364,8,8,3,636,0
35,41737,0,33,5,2982,0
34,12104,4,33,9,3720,0
36,27390,20,28,2,3064,0
18,1327,6,15,10,1110,0
26,10465,15,19,3,3168,0
21,25529,4,15,4,1844,0
6,412,0,5,3,474,0
68,82332,9,71,13,8384,0
27,3550,14,29,15,3073,0
8,1015,0,14,3,1248,0
0,0,0,0,0,0,0
0,0,0,0,0,0,0
32,27169,15,22,2,2716,0
0,0,0,0,0,0,0
0,0,0,0,0,0,0
0,0,0,0,0,0,0
12,966,1,11,4,1554,1
22,3031,1,18,5,2640,1
27,12548,0,23,2,4434,1
12,1399,0,10,5,1079,1
9,2806,0,8,1,1209,1
13,8893,0,11,1,1037,1
2,124,0,0,0,0,1
0,0,0,0,0,0,0
0,0,0,0,0,0,0
0,0,0,0,0,0,0
0,0,0,0,0,0,0
19,24455,0,16,1,1305,0
0,0,0,0,0,0,0
0,0,0,0,0,0,0
21,3023,6,15,5,1988,0
4,244,3,15,4,1110,0
12,803,10,29,11,2022,0
39,44173,9,39,5,4420,0
7,448,3,4,2,408,0
6,366,3,4,2,420,0
8,502,5,9,6,750,0
37,41938,1,33,4,3032,0
107,147266,2,83,3,6312,0
71,117282,13,84,6,7549,0
31,9811,3,22,8,2701,0
12,2190,0,8,3,1097,0
17,1984,2,25,6,2874,0
21,14430,4,20,7,1663,0
24,6085,15,23,9,2743,0
20,20139,7,17,3,3187,0
50,44810,3,45,7,4646,0
71,63457,5,64,13,6463,0
0,0,0,0,0,0,0
0,0,0,0,0,0,0
0,0,0,0,0,0,0
24,9819,0,22,2,3908,1
0,0,0,0,0,0,0
0,0,0,0,0,0,0
0,0,0,0,0,0,0
0,0,0,0,0,0,0
0,0,0,0,0,0,0
0,0,0,0,0,0,0
0,0,0,0,0,0,0
23,26805,0,19,2,2125,0
13,962,7,17,6,1242,0
8,606,4,6,3,640,0
7,438,3,5,2,498,0
8,539,6,6,3,540,0
5,306,19,39,10,2742,0
15,970,7,14,12,1092,0
42,47931,6,40,5,4365,0
33,7155,10,26,6,2982,0
48,38230,35,40,2,6595,0
41,40585,32,37,2,6413,0
176,284743,2,157,5,11211,0
12,5876,0,9,2,1020,0
16,15901,4,12,3,1118,0
20,9023,0,15,6,1988,0
25,3623,16,29,7,2626,0
79,120385,1,71,6,6295,0
25,15275,6,23,9,2222,0
8,1381,0,6,1,834,0
53,22947,21,53,8,8472,0
23,19291,12,17,4,2827,0
23,10665,3,16,4,1776,0
15,1424,0,10,5,1503,0
21,31811,0,18,3,2554,0
23,9280,4,20,6,2381,0
0,0,0,0,0,0,0
0,0,0,0,0,0,0
0,0,0,0,0,0,0
6,494,0,4,2,681,1
10,7650,0,7,2,1440,0
0,0,0,0,0,0,0
0,0,0,0,0,0,0
0,0,0,0,0,0,0
0,0,0,0,0,0,0
0,0,0,0,0,0,0
0,0,0,0,0,0,0
0,0,0,0,0,0,0
0,0,0,0,0,0,0
0,0,0,0,0,0,0
0,0,0,0,0,0,0
0,0,0,0,0,0,0
0,0,0,0,0,0,0
17,4922,0,14,7,1495,0
6,476,4,8,3,660,0
12,805,9,10,8,780,0
7,579,0,4,2,689,0
263,488313,0,185,2,13992,0
53,39038,41,47,4,7072,0
46,82259,0,44,2,4204,0
19,18392,2,28,5,3565,0
34,15941,5,32,9,2881,0
56,38894,43,55,7,11305,0
54,84636,35,40,2,5046,0
51,40052,22,46,8,5902,0
3,186,0,3,1,198,0
25,26643,0,19,2,2097,0
22,12138,0,19,3,2104,0
65,82281,3,70,8,6091,0
33,11690,10,28,9,3307,0
39,37285,29,33,2,6460,0
35,37000,16,26,5,4567,0
11,1087,0,8,2,1099,0
23,9605,0,15,2,3046,0
11,1532,0,9,5,1537,0
0,0,0,0,0,0,0
0,0,0,0,0,0,0
0,0,0,0,0,0,0
0,0,0,0,0,0,0
0,0,0,0,0,0,0
14,3132,0,11,3,1562,1
10,1263,0,7,2,890,1
76,82775,59,63,2,8950,0
0,0,0,0,0,0,0
0,0,0,0,0,0,0
0,0,0,0,0,0,0
0,0,0,0,0,0,0
54,38056,42,46,2,7491,0
35,17574,14,29,4,3858,0
0,0,0,0,0,0,0
0,0,0,0,0,0,0
0,0,0,0,0,0,0
0,0,0,0,0,0,0
8,496,6,7,4,606,0
8,504,3,5,3,498,0
12,766,6,20,10,1392,0
8,596,4,7,3,582,0
8,504,4,6,4,564,0
73,69918,40,50,5,6478,0
10,1363,0,7,2,1002,0
52,35953,13,38,10,5267,0
30,4258,2,24,10,3442,0
144,233106,0,127,3,9242,0
96,113453,0,74,2,18384,0
24,7088,2,20,6,3391,0
18,5203,8,15,6,2546,0
80,133235,21,70,7,10217,0
27,62295,18,22,1,3739,0
38,22528,11,44,7,6780,0
36,33488,2,44,7,3808,0
30,16662,0,21,3,4405,0
15,9692,0,12,3,1641,0
30,17150,0,25,4,2479,0
17,11285,0,12,3,2012,0
22,22879,0,28,3,4498,0
23,1616,5,15,11,1384,0
27,7809,16,22,8,3414,0
145,231799,0,125,1,8856,0
41,24696,1,33,5,4114,0
255,486769,0,197,3,13794,0
47,40918,26,38,12,4832,0
0,0,0,0,0,0,0
0,0,0,0,0,0,0
0,0,0,0,0,0,0
32,16931,11,26,7,3821,1
0,0,0,0,0,0,0
0,0,0,0,0,0,0
0,0,0,0,0,0,0
0,0,0,0,0,0,0
0,0,0,0,0,0,0
0,0,0,0,0,0,0
0,0,0,0,0,0,0
0,0,0,0,0,0,0
0,0,0,0,0,0,0
0,0,0,0,0,0,0
0,0,0,0,0,0,0
35,19634,28,32,3,5516,0
39,35687,3,31,5,3886,0
10,744,7,9,5,750,0
10,624,7,8,4,684,0
12,730,3,11,7,810,0
11,17914,7,13,2,2133,0
33,3181,20,29,8,4499,0
10,624,7,7,3,618,0
11,670,7,17,10,1182,0
68,59369,46,61,14,7271,0
18,3258,1,14,3,2609,0
37,36205,0,34,5,4684,0
20,2790,1,15,7,2000,0
38,36225,0,31,6,3612,0
29,23628,7,31,8,3335,0
9,778,2,4,4,442,0
64,69305,45,55,5,6824,0
15,1834,1,9,2,1484,0
31,13191,2,23,4,2530,0
33,22895,19,24,2,3994,0
64,110342,47,55,6,7819,0
36,68869,3,33,6,2617,0
100,268442,3,76,7,5451,0
10,2045,0,7,2,871,0
27,11243,2,33,8,4193,0
0,0,0,0,0,0,0
0,0,0,0,0,0,0
0,0,0,0,0,0,0
0,0,0,0,0,0,0
21,1967,5,17,10,1474,1
25,3753,1,23,4,3494,1
24,9819,0,22,2,3912,1
25,12420,0,24,2,4505,1
51,66124,0,48,1,3602,1
0,0,0,0,0,0,0
0,0,0,0,0,0,0
0,0,0,0,0,0,0
0,0,0,0,0,0,0
0,0,0,0,0,0,0
0,0,0,0,0,0,0
0,0,0,0,0,0,0
0,0,0,0,0,0,0
40,16697,27,33,2,6835,0
0,0,0,0,0,0,0
0,0,0,0,0,0,0
0,0,0,0,0,0,0
10,624,7,7,3,618,0
15,1814,3,10,3,1696,0
9,562,7,7,3,618,0
8,508,3,5,2,498,0
29,9531,4,25,8,2621,0
8,504,3,5,3,498,0
11,696,7,8,6,684,0
43,17604,31,44,4,7525,0
29,11372,2,24,5,3613,0
52,49426,10,47,6,5282,0
33,8839,12,26,10,4198,0
37,5727,2,26,8,3453,0
26,4384,6,24,12,2932,0
134,229040,0,113,3,8062,0
0,0,0,0,0,0,0
0,0,0,0,0,0,0
0,0,0,0,0,0,0
19,2944,1,17,6,2123,1
16,6187,8,12,1,2355,1
25,14342,0,18,3,1935,1
11,6062,0,8,2,961,1
55,66449,0,50,2,3723,1
0,0,0,0,0,0,0
0,0,0,0,0,0,0
0,0,0,0,0,0,0
0,0,0,0,0,0,0
0,0,0,0,0,0,0
18,16593,0,14,1,1383,0
0,0,0,0,0,0,0
9,2135,0,9,2,1003,0
12,799,6,25,11,1662,0
6,372,3,12,4,864,0
11,702,6,15,8,1122,0
18,1344,19,22,7,1476,0
13,4846,15,18,2,2736,0
5,306,3,3,1,366,0
15,1064,5,9,6,738,0
7,436,3,6,3,552,0
6,480,4,5,2,486,0
4,244,3,3,1,366,0
3,184,2,2,1,276,0
8,490,4,5,3,474,0
37,18554,24,31,8,5195,0
27,2880,6,19,9,2138,0
20,6818,1,14,3,1859,0
39,39561,16,32,6,5064,0
2,124,0,8,5,516,0
24,10000,0,26,7,2562,0
61,64860,46,51,3,5841,0
46,16215,11,43,15,5845,0
2,124,0,0,0,0,0
0,0,0,0,0,0,0
0,0,0,0,0,0,0
0,0,0,0,0,0,0
26,21979,7,21,2,3159,0
0,0,0,0,0,0,0
53,66317,0,47,1,3696,1
24,3609,1,20,4,2912,1
11,2189,0,7,2,904,1
0,0,0,0,0,0,0
0,0,0,0,0,0,0
0,0,0,0,0,0,0
0,0,0,0,0,0,0
84,75625,49,64,12,8219,0
6,372,3,5,3,498,0
10,636,6,8,4,696,0
20,7775,8,13,2,2682,0
103,197501,3,94,8,7208,0
44,13097,27,33,5,5803,0
93,135375,3,80,5,8889,0
28,23089,1,25,6,3131,0
43,43296,0,35,4,3263,0
21,6049,0,17,5,1842,0
42,33677,25,34,9,4365,0
23,2807,4,22,12,2420,0
12,1507,0,7,2,1287,0
13,1788,0,10,4,1266,0
61,79053,4,57,6,6966,0
284,383760,6,226,6,15314,0
22,26589,2,20,5,2279,0
0,0,0,0,0,0,0
0,0,0,0,0,0,0
0,0,0,0,0,0,0
0,0,0,0,0,0,0
0,0,0,0,0,0,0
0,0,0,0,0,0,0
0,0,0,0,0,0,0
49,66184,0,46,1,3473,1
6,376,4,14,6,888,1
0,0,0,0,0,0,0
0,0,0,0,0,0,0
0,0,0,0,0,0,0
0,0,0,0,0,0,0
0,0,0,0,0,0,0
0,0,0,0,0,0,0
10,1298,1,7,2,909,0
5,306,3,7,2,582,0
10,640,6,9,7,762,0
10,634,8,17,6,1278,0
19,1323,13,28,12,1872,0
3,184,2,4,3,396,0
4,244,3,5,2,498,0
17,1388,6,22,8,1787,0
37,44294,3,39,8,4127,0
2,124,0,2,1,132,0
33,14310,22,35,11,5093,0
31,12120,16,28,12,3507,0
0,0,0,0,0,0,0
0,0,0,0,0,0,0
0,0,0,0,0,0,0
0,0,0,0,0,0,0
0,0,0,0,0,0,0
44,65646,0,41,1,3144,1
20,2655,1,16,5,2119,1
15,1211,1,14,8,1445,1
0,0,0,0,0,0,0
0,0,0,0,0,0,0
0,0,0,0,0,0,0
0,0,0,0,0,0,0
0,0,0,0,0,0,0
0,0,0,0,0,0,0
0,0,0,0,0,0,0
0,0,0,0,0,0,0
0,0,0,0,0,0,0
0,0,0,0,0,0,0
11,1504,0,13,3,1712,0
6,376,3,4,2,432,0
7,442,3,6,3,564,0
7,436,3,5,3,486,0
25,14894,8,22,7,1944,0
5,414,4,4,1,420,0
7,424,3,4,2,420,0
4,244,3,3,1,366,0
63,95122,4,60,5,4602,0
17,1374,2,10,6,1503,0
15,1919,1,10,4,1555,0
62,51761,35,51,10,5742,0
30,25579,4,25,7,1986,0
26,3809,0,21,8,2513,0
8,1121,0,19,4,1852,0
23,16978,2,16,3,1502,0
34,17280,25,29,1,5381,0
0,0,0,0,0,0,0
58,61312,1,51,10,4361,0
0,0,0,0,0,0,0
0,0,0,0,0,0,0
0,0,0,0,0,0,0
0,0,0,0,0,0,0
10,2638,0,8,1,1316,1
0,0,0,0,0,0,0
0,0,0,0,0,0,0
0,0,0,0,0,0,0
0,0,0,0,0,0,0
0,0,0,0,0,0,0
0,0,0,0,0,0,0
10,640,5,9,7,762,0
13,894,8,26,11,1668,0
8,492,6,7,2,798,0
16,1024,3,12,3,960,0
17,1563,6,12,7,1503,0
21,2698,2,15,5,2416,0
22,3283,4,15,3,2532,0
0,0,0,0,0,0,0
0,0,0,0,0,0,0
19,2663,3,16,8,1559,0
0,0,0,0,0,0,0
0,0,0,0,0,0,0
9,1097,0,5,2,882,1
37,26259,1,29,7,4724,1
0,0,0,0,0,0,0
0,0,0,0,0,0,0
0,0,0,0,0,0,0
0,0,0,0,0,0,0
0,0,0,0,0,0,0
0,0,0,0,0,0,0
0,0,0,0,0,0,0
0,0,0,0,0,0,0
33,39646,7,34,6,3219,0
8,535,5,5,2,474,0
7,426,7,11,2,1166,0
3,182,3,3,1,366,0
10,696,9,12,6,900,0
1284,2060012,12,1194,8,100151,0
48,43787,39,58,7,6438,0
41,20954,0,37,5,7644,0
44,49870,9,40,9,4884,0
37,30772,0,29,2,3525,0
7,542,1,4,3,422,0
44,86136,2,34,5,5785,0
25,9200,11,20,6,3479,0
17,7035,7,12,1,2320,0
56,46553,38,43,5,6231,0
17,1587,1,12,5,1700,0
0,0,0,0,0,0,0
0,0,0,0,0,0,0
0,0,0,0,0,0,0
57,66445,0,52,1,3873,1
32,16895,12,26,3,3837,1
0,0,0,0,0,0,0
0,0,0,0,0,0,0
0,0,0,0,0,0,0
0,0,0,0,0,0,0
0,0,0,0,0,0,0
0,0,0,0,0,0,0
0,0,0,0,0,0,0
0,0,0,0,0,0,0
0,0,0,0,0,0,0
0,0,0,0,0,0,0
31,22292,3,24,9,1867,0
50,41385,36,42,2,6736,0
4,244,3,21,13,1458,0
5,306,3,8,3,696,0
40,35749,3,31,5,3886,0
4,244,3,4,2,432,0
5,306,4,13,7,1074,0
10,628,5,11,7,882,0
47,46271,27,36,7,4833,0
67,69645,38,46,3,6250,0
30,13795,18,27,4,3405,0
74,58567,52,56,4,8357,0
44,43523,30,42,9,5301,0
36,19433,29,33,1,6401,0
61,67877,39,48,11,5597,0
0,0,0,0,0,0,0
0,0,0,0,0,0,0
0,0,0,0,0,0,0
0,0,0,0,0,0,0
9,1197,0,7,2,916,1
2,124,0,0,0,0,0
0,0,0,0,0,0,0
0,0,0,0,0,0,0
0,0,0,0,0,0,0
0,0,0,0,0,0,0
0,0,0,0,0,0,0
0,0,0,0,0,0,0
0,0,0,0,0,0,0
0,0,0,0,0,0,0
0,0,0,0,0,0,0
5,310,3,4,2,432,0
5,306,3,11,5,870,0
59,26659,51,57,3,9059,0
7,479,5,5,3,450,0
27,10186,18,26,7,4368,0
17,2205,2,20,7,2354,0
30,7648,13,25,7,3402,0
14,2498,3,12,7,1260,0
21,2698,2,15,5,2416,0
15,3869,4,10,4,1252,0
44,65986,3,37,5,3492,0
46,22390,11,35,3,6989,0
18,8544,13,18,2,3810,0
18,1998,3,8,3,1435,0
0,0,0,0,0,0,0
0,0,0,0,0,0,0
0,0,0,0,0,0,0
0,0,0,0,0,0,0
0,0,0,0,0,0,0
14,1546,2,10,3,1576,0
0,0,0,0,0,0,0
0,0,0,0,0,0,0
0,0,0,0,0,0,0
0,0,0,0,0,0,0
0,0,0,0,0,0,0
0,0,0,0,0,0,0
0,0,0,0,0,0,0
4,246,2,2,1,356,0
19,1354,13,15,7,1062,0
10,636,5,8,5,696,0
5,306,3,7,2,630,0
6,378,3,4,3,408,0
5,306,4,13,7,1074,0
65,23559,58,63,6,9168,0
47,20145,9,37,11,6439,0
19,18597,0,16,3,1495,0
19,1754,0,16,7,1617,0
83,127368,2,79,7,6173,0
24,2364,8,19,10,2120,0
37,35231,0,31,5,2493,0
40,23329,7,42,12,4404,0
45,45691,26,32,3,4623,0
23,2044,6,21,13,1933,0
148,234205,4,107,4,9294,0
21,7616,4,18,6,2249,0
65,97272,0,62,3,5023,0
12,4257,0,9,3,1021,0
0,0,0,0,0,0,0
15,2597,3,10,5,1309,0
0,0,0,0,0,0,0
0,0,0,0,0,0,0
0,0,0,0,0,0,0
53,66100,0,50,1,3744,1
15,8467,0,10,2,2004,1
0,0,0,0,0,0,0
0,0,0,0,0,0,0
0,0,0,0,0,0,0
0,0,0,0,0,0,0
4,244,3,5,3,474,0
5,414,4,4,1,420,0
7,442,4,5,2,474,0
9,672,4,5,2,486,0
7,438,2,4,2,408,0
12,1327,0,9,3,1773,0
63,63202,42,50,4,6896,0
8,626,0,5,3,770,0
18,2242,0,14,1,2102,0
17,6649,10,15,3,2668,0
5,416,15,17,4,1146,0
53,38708,37,44,6,6925,0
23,8668,9,20,4,3494,0
0,0,0,0,0,0,0
0,0,0,0,0,0,0
0,0,0,0,0,0,0
0,0,0,0,0,0,0
0,0,0,0,0,0,0
0,0,0,0,0,0,0
0,0,0,0,0,0,0
0,0,0,0,0,0,0
17,7924,10,15,1,2861,0
0,0,0,0,0,0,0
0,0,0,0,0,0,0
0,0,0,0,0,0,0
0,0,0,0,0,0,0
0,0,0,0,0,0,0
0,0,0,0,0,0,0
0,0,0,0,0,0,0
6,407,5,6,3,528,0
12,768,5,8,6,672,0
16,1036,3,10,8,828,0
13,890,7,10,5,768,0
25,6137,6,20,5,3208,0
27,15088,0,24,11,2033,0
24,8910,3,24,6,3230,0
19,2308,0,14,1,2105,0
5,420,3,8,8,552,0
32,29835,12,29,6,3635,0
22,14589,2,17,2,2012,0
51,37621,9,48,12,4118,0
14,1324,0,10,3,1584,0
13,2404,0,9,2,1909,0
15,13818,1,10,3,1618,0
24,7684,12,22,5,3746,0
46,29443,4,38,10,4404,0
0,0,0,0,0,0,0
0,0,0,0,0,0,0
16,4800,0,14,3,1734,0
23,8857,12,21,3,3696,0
0,0,0,0,0,0,0
0,0,0,0,0,0,0
7,654,1,3,2,394,0
0,0,0,0,0,0,0
0,0,0,0,0,0,0
0,0,0,0,0,0,0
0,0,0,0,0,0,0
10,640,7,9,7,762,0
9,574,6,8,5,696,0
9,617,6,6,3,540,0
4,250,1,1,1,202,0
4,250,2,4,3,408,0
11,1186,8,10,2,12231,0
41,23578,22,29,3,5392,0
8,609,0,6,4,808,0
7,9159,0,5,1,812,0
35,35655,1,29,4,3102,0
79,172138,4,101,15,7422,0
44,44959,32,38,3,4944,0
54,62498,0,45,3,4834,0
26,8206,12,23,5,3883,0
134,229040,0,113,3,8062,0
6,490,0,3,1,618,0
18,8177,9,14,2,2819,0
0,0,0,0,0,0,0
0,0,0,0,0,0,0
2,124,0,0,0,0,1
0,0,0,0,0,0,0
0,0,0,0,0,0,0
0,0,0,0,0,0,0
0,0,0,0,0,0,0
0,0,0,0,0,0,0
0,0,0,0,0,0,0
24,8029,1,20,5,2610,0
22,2525,5,22,10,1837,0
6,376,3,4,2,432,0
7,438,3,5,3,498,0
10,640,7,12,5,960,0
8,508,5,5,3,498,0
4,244,3,4,2,432,0
10,739,8,20,7,1344,0
15,971,5,10,7,792,0
5,306,3,7,3,582,0
36,18719,18,26,4,4444,0
13,1520,1,7,3,1033,0
40,26105,5,31,8,5168,0
35,36967,20,25,3,3540,0
0,0,0,0,0,0,0
0,0,0,0,0,0,0
13,1977,0,8,2,1601,0
0,0,0,0,0,0,0
0,0,0,0,0,0,0
0,0,0,0,0,0,0
0,0,0,0,0,0,0
0,0,0,0,0,0,0
0,0,0,0,0,0,0
0,0,0,0,0,0,0
0,0,0,0,0,0,0
19,2206,5,11,4,1374,0
21,2519,5,21,7,2102,0
37,32655,8,32,11,3258,0
0,0,0,0,0,0,0
0,0,0,0,0,0,0
0,0,0,0,0,0,0
22,21002,0,18,2,1968,0
0,0,0,0,0,0,0
0,0,0,0,0,0,0
0,0,0,0,0,0,0
0,0,0,0,0,0,0
42,28050,32,67,17,6453,0
6,476,4,4,1,420,0
4,244,3,3,1,366,0
7,448,2,4,2,408,0
51,52729,0,48,1,4156,0
124,204971,0,104,2,7683,0
25,2966,7,26,6,2814,0
24,17664,5,31,6,2459,0
46,47213,5,44,9,3722,0
44,23969,20,32,13,4429,0
22,3406,3,14,4,2388,0
28,13437,13,31,8,5105,0
8,737,1,4,2,735,0
33,24847,19,35,11,3944,0
36,37575,10,29,7,5567,0
217,298694,25,188,9,14522,0
25,16286,10,19,1,3605,0
0,0,0,0,0,0,0
0,0,0,0,0,0,0
0,0,0,0,0,0,0
0,0,0,0,0,0,0
0,0,0,0,0,0,0
0,0,0,0,0,0,0
9,760,2,15,5,1430,0
4,246,2,2,1,276,0
9,570,4,5,2,498,0
9,562,7,7,3,618,0
17,1374,2,10,6,1503,0
16,1909,1,10,3,1580,0
42,12921,18,39,14,5353,0
29,20250,6,26,5,3517,0
24,3124,1,16,5,2552,0
0,0,0,0,0,0,0
0,0,0,0,0,0,0
0,0,0,0,0,0,0
0,0,0,0,0,0,0
0,0,0,0,0,0,0
0,0,0,0,0,0,0
26,3034,9,35,12,3428,0
6,376,3,6,4,564,0
14,954,11,32,12,2232,0
54,44203,35,43,3,5469,0
12,1736,0,9,3,1498,0
23,14294,8,18,7,1922,0
442,947971,317,326,3,26931,0
34,34105,2,30,9,2810,0
37,17322,7,29,6,4619,0
0,0,0,0,0,0,0
0,0,0,0,0,0,0
18,7303,1,15,7,2175,1
0,0,0,0,0,0,0
0,0,0,0,0,0,0
0,0,0,0,0,0,0
4,246,2,15,4,1026,0
7,438,2,6,4,540,0
15,1806,1,11,7,1316,0
0,0,0,0,0,0,0
0,0,0,0,0,0,0
0,0,0,0,0,0,0
17,2000,1,12,5,1850,1
0,0,0,0,0,0,0
0,0,0,0,0,0,0
0,0,0,0,0,0,0
0,0,0,0,0,0,0
32,23243,9,27,5,3967,0
7,473,5,7,4,606,0
11,706,3,12,7,960,0
9,574,6,8,6,696,0
14,1697,1,9,3,1631,0
22,3485,6,16,6,2443,0
60,37516,43,59,15,8331,0
24,5596,9,16,5,2675,0
34,29677,9,26,6,2310,0
18,2293,0,15,5,2196,0
0,0,0,0,0,0,0
0,0,0,0,0,0,0
0,0,0,0,0,0,0
23,9227,7,20,9,1804,0
11,678,3,11,7,858,0
7,442,4,5,2,474,0
28,3635,9,23,8,2633,0
25,15998,1,20,4,2204,0
55,49446,37,47,6,5670,0
45,37704,34,40,3,6628,0
57,69613,44,52,3,5033,0
58,73318,0,48,3,5200,0
0,0,0,0,0,0,0
0,0,0,0,0,0,0
12,1489,0,10,4,1205,1
0,0,0,0,0,0,0
0,0,0,0,0,0,0
21,2073,6,19,10,1775,0
0,0,0,0,0,0,0
0,0,0,0,0,0,0
0,0,0,0,0,0,0
10,1196,2,8,2,953,0
0,0,0,0,0,0,0
4,244,3,4,2,432,0
4,244,3,3,1,366,0
50,43924,36,48,10,5787,0
26,18427,1,23,10,2095,0
20,6913,8,14,3,2486,0
30,16884,21,29,7,4425,0
23,18769,0,19,4,2358,0
30,6195,15,23,10,3036,0
33,30035,2,31,8,2437,0
0,0,0,0,0,0,0
17,15499,0,15,3,1304,1
0,0,0,0,0,0,0
0,0,0,0,0,0,0
0,0,0,0,0,0,0
0,0,0,0,0,0,0
0,0,0,0,0,0,0
0,0,0,0,0,0,0
15,2074,0,9,4,1216,0
0,0,0,0,0,0,0
45,36834,34,44,6,6963,0
9,562,4,6,4,552,0
10,636,6,10,7,792,0
8,504,5,5,3,498,0
12,742,13,16,2,1688,0
50,57628,7,49,3,3802,0
33,30933,11,33,8,4041,0
12,1570,0,8,3,1380,0
12,892,4,7,3,922,0
53,47558,11,48,11,4164,0
27,7448,12,19,7,2810,0
0,0,0,0,0,0,0
0,0,0,0,0,0,0
0,0,0,0,0,0,0
0,0,0,0,0,0,0
0,0,0,0,0,0,0
0,0,0,0,0,0,0
0,0,0,0,0,0,0
82,105565,3,73,5,8302,0
51,55460,0,49,7,4174,0
35,8700,20,30,10,3747,0
32,30923,4,28,5,3110,0
23,28007,3,25,5,3736,0
28,12970,14,35,7,5105,0
35,14140,21,26,4,5084,0
23,6649,14,19,4,3317,0
77,83389,48,65,7,6819,0
11,1747,2,7,4,1473,0
0,0,0,0,0,0,0
0,0,0,0,0,0,0
0,0,0,0,0,0,0
0,0,0,0,0,0,0
0,0,0,0,0,0,0
0,0,0,0,0,0,0
0,0,0,0,0,0,0
0,0,0,0,0,0,0
52,40968,13,47,6,6520,0
16,1144,14,14,7,972,0
8,498,5,12,4,960,0
33,11108,21,27,8,4290,0
26,5914,2,39,13,3520,0
28,17862,4,18,4,2371,0
29,18969,2,28,5,2802,0
16,1673,0,9,3,1673,0
102,126205,0,80,2,6843,0
0,0,0,0,0,0,0
0,0,0,0,0,0,0
0,0,0,0,0,0,0
0,0,0,0,0,0,0
0,0,0,0,0,0,0
0,0,0,0,0,0,0
0,0,0,0,0,0,0
0,0,0,0,0,0,0
0,0,0,0,0,0,0
34,37964,12,27,5,3647,0
0,0,0,0,0,0,0
278,466055,0,208,1,14688,0
19,1268,11,22,12,1524,0
5,306,3,3,1,366,0
14,913,6,11,8,810,0
36,33598,4,23,3,2881,0
25,26621,12,17,3,2856,0
48,87340,6,51,5,4252,0
60,78671,43,49,4,5793,0
0,0,0,0,0,0,0
17,2399,0,11,3,1850,1
0,0,0,0,0,0,0
2,124,0,8,1,432,0
5,306,3,3,1,366,0
6,480,4,5,2,486,0
13,2036,1,8,3,1524,0
23,9017,1,21,5,3177,0
9,677,0,8,6,951,1
0,0,0,0,0,0,0
39,32399,3,33,8,4247,0
6,372,3,4,2,432,0
19,6776,14,23,7,2796,0
42,12921,18,39,14,5353,0
0,0,0,0,0,0,0
0,0,0,0,0,0,0
7,442,4,10,5,780,0
57,53238,0,47,5,5134,0
30,23404,19,26,4,4125,0
19,2033,5,18,6,2464,0
0,0,0,0,0,0,0
0,0,0,0,0,0,0
8,508,5,5,3,498,0
15,991,7,17,9,1206,0
7,442,3,6,4,564,0
36,41408,7,32,9,2601,0
30,27476,0,27,4,2741,0
40,24630,1,33,5,4114,0
31,13757,20,25,3,4041,0
0,0,0,0,0,0,0
17,2109,1,11,3,1835,0
0,0,0,0,0,0,0
18,1152,9,17,9,1594,0
2,124,0,8,3,528,0
14,904,6,13,9,1026,0
9,574,6,8,6,696,0
9,562,6,8,6,672,0
47,32891,35,39,2,6557,0
41,31493,3,36,10,3449,0
24,18410,6,19,4,3085,0
65,97272,0,62,3,5023,0
0,0,0,0,0,0,0
0,0,0,0,0,0,0
31,6415,5,23,11,2410,0
0,0,0,0,0,0,0
0,0,0,0,0,0,0
0,0,0,0,0,0,0
0,0,0,0,0,0,0
0,0,0,0,0,0,0
8,504,3,6,4,564,0
19,2308,1,13,3,2233,0
7,552,0,15,4,1455,0
0,0,0,0,0,0,0
0,0,0,0,0,0,0
43,42229,0,41,5,3715,0
0,0,0,0,0,0,0
57,24220,43,50,12,8042,0
15,4966,18,22,3,3156,0
7,438,4,5,2,498,0
20,12620,1,16,4,2059,0
23,7356,10,33,8,4412,0
0,0,0,0,0,0,0
0,0,0,0,0,0,0
0,0,0,0,0,0,0
2,124,0,0,0,0,1
2,124,0,0,0,0,1
76,65108,8,75,16,7734,0
15,7459,6,11,1,2388,0
3,184,2,2,1,276,0
64,30118,13,53,11,6891,0
27,10646,1,16,2,2540,0
23,5472,2,23,6,3008,0
20,7062,0,15,3,2198,0
22,29619,0,17,3,2581,0
47,44519,3,47,8,4064,0
2,124,0,0,0,0,1
3,186,0,0,0,0,1
2,124,0,0,0,0,1
2,124,0,0,0,0,1
9,574,3,8,6,696,0
6,376,4,5,2,498,0
7,438,3,5,2,498,0
25,6137,6,20,5,3208,0
6,482,0,3,1,632,0
45,28351,26,31,6,3776,0
49,58127,2,45,5,3903,0
0,0,0,0,0,0,0
18,6009,9,14,2,2682,0
5,416,1,1,1,90,1
0,0,0,0,0,0,0
16,1874,4,11,4,1750,0
5,310,3,7,3,630,0
25,14894,8,22,7,1944,0
32,11756,10,24,4,4319,0
34,44807,0,29,3,2881,0
16,1673,0,9,3,1673,0
20,3594,3,24,7,3000,0
0,0,0,0,0,0,0
27,33205,0,25,5,2588,1
0,0,0,0,0,0,0
0,0,0,0,0,0,0
0,0,0,0,0,0,0
70,67914,17,67,5,13771,0
13,894,11,11,7,834,0
40,34113,0,37,8,4118,1
0,0,0,0,0,0,0
9,562,7,7,3,618,0
9,632,7,7,3,582,0
0,0,0,0,0,0,0
0,0,0,0,0,0,0
11,688,8,30,9,2296,0
13,826,9,10,8,804,0
18,2587,0,20,2,2979,0
53,51527,4,67,10,6619,0
15,3304,0,10,2,2490,0
0,0,0,0,0,0,0
0,0,0,0,0,0,0
34,26400,22,26,1,4979,0
10,661,5,8,5,660,0
18,8797,0,14,5,1914,0
20,2112,6,17,10,1781,0
21,9563,9,17,2,3564,0
0,0,0,0,0,0,0
0,0,0,0,0,0,0
14,904,4,12,9,936,0
8,486,8,8,1,1008,0
6,372,3,4,2,432,0
50,48750,0,30,4,3527,0
26,17337,2,20,8,2437,0
16,1725,3,11,4,1670,0
110,143113,32,84,4,7830,0
0,0,0,0,0,0,0
2,124,0,0,0,0,1
7,438,13,25,8,1818,0
4,244,3,4,2,432,0
5,306,3,9,4,738,0
4,246,2,6,5,516,0
7,432,6,7,2,786,0
4,244,3,6,2,564,0
53,45079,6,55,14,4533,0
89,110553,58,73,6,7245,0
30,28829,0,25,8,2480,0
0,0,0,0,0,0,0
9,568,4,7,4,630,0
4,244,3,7,3,606,0
24,14374,3,17,4,2634,0
48,64807,1,38,9,3754,0
2,124,0,7,5,804,0
0,0,0,0,0,0,0
41,42120,0,39,2,3597,0
15,1936,3,13,6,1931,0
0,0,0,0,0,0,0
0,0,0,0,0,0,0
0,0,0,0,0,0,0
18,1690,1,16,6,2055,0
52,49426,10,47,6,5282,0
16,9432,0,11,3,1798,0
0,0,0,0,0,0,0
0,0,0,0,0,0,0
4,354,1,1,1,90,1
45,24126,28,41,6,5935,0
17,2399,0,11,3,1850,1
4,354,1,1,1,90,1
3,186,0,0,0,0,1
23,8187,8,20,6,3476,0
4,354,1,1,1,90,1
5,416,1,1,1,90,1
0,0,0,0,0,0,0
0,0,0,0,0,0,0
22,16475,2,12,3,1468,0
9,630,7,8,4,636,0
5,306,3,5,3,486,0
0,0,0,0,0,0,0
0,0,0,0,0,0,0
0,0,0,0,0,0,0
6,384,0,3,2,198,1
6,384,0,3,2,198,1
47,60076,0,43,2,3564,0
26,12186,3,19,4,2280,0
37,15154,32,40,7,5500,0
0,0,0,0,0,0,0
16,1030,7,16,10,1176,0
5,306,3,6,2,564,0
46,36825,17,44,11,5811,0
30,14114,10,22,9,3312,0
14,1507,3,21,6,2354,0
2,124,0,0,0,0,1
3,186,0,0,0,0,1
0,0,0,0,0,0,0
5,310,3,4,2,432,0
29,17922,5,19,5,2425,0
24,13434,2,20,6,2334,0
4,256,1,2,2,132,1
3,186,0,0,0,0,1
3,186,0,0,0,0,1
3,186,0,0,0,0,1
3,186,0,0,0,0,1
3,186,0,0,0,0,1
2,124,0,0,0,0,1
2,124,0,0,0,0,1
2,124,0,0,0,0,1
2,124,0,0,0,0,1
3,190,0,1,1,66,1
2,124,0,0,0,0,1
2,124,0,0,0,0,1
3,186,0,0,0,0,1
3,186,0,0,0,0,1
3,186,0,0,0,0,1
2,124,0,0,0,0,1
2,124,0,0,0,0,1
3,190,0,1,1,66,1
3,190,0,1,1,66,1
3,190,0,1,1,66,1
3,190,0,1,1,66,1
3,186,0,0,0,0,1
3,186,0,0,0,0,1
28,3254,9,35,12,3428,0
13,798,3,8,5,660,0
27,55407,0,27,2,3622,0
0,0,0,0,0,0,0
74,82395,40,45,4,5009,0
32,10505,9,32,6,3769,0
3,184,2,5,3,474,0
72,93298,4,62,3,7975,0
76,124751,51,61,6,6601,0
84,131895,0,47,2,4380,0
5,416,2,4,2,276,0
0,0,0,0,0,0,0
0,0,0,0,0,0,0
0,0,0,0,0,0,0
53,47558,11,48,11,4164,0
0,0,0,0,0,0,0
0,0,0,0,0,0,0
0,0,0,0,0,0,0
0,0,0,0,0,0,0
0,0,0,0,0,0,0
0,0,0,0,0,0,0
0,0,0,0,0,0,0
5,310,3,4,2,432,0
4,244,3,3,1,366,0
17,1646,3,14,11,1576,0
0,0,0,0,0,0,0
26,23294,0,22,3,3104,1
44,26870,3,39,4,3550,0
11,682,10,18,9,1212,0
0,0,0,0,0,0,0
0,0,0,0,0,0,0
0,0,0,0,0,0,0
8,508,5,7,5,630,0
22,14656,13,18,4,3851,0
61,68512,3,54,5,5512,0
0,0,0,0,0,0,0
4,244,3,6,2,564,0
0,0,0,0,0,0,0
12,1327,0,9,3,1773,0
34,44454,20,28,1,4982,0
0,0,0,0,0,0,0
0,0,0,0,0,0,0
0,0,0,0,0,0,0
13,1527,4,8,3,1178,0
12,1603,1,13,7,1844,0
17,1180,1,6,4,888,0
0,0,0,0,0,0,0
0,0,0,0,0,0,0
9,595,6,7,3,606,0
0,0,0,0,0,0,0
4,246,2,4,3,396,0
11,702,4,15,7,1062,0
71,62932,47,59,11,7895,0
0,0,0,0,0,0,0
18,2183,3,13,3,2484,0
41,28130,10,47,10,4772,0
0,0,0,0,0,0,0
38,43123,0,24,4,2616,0
26,2183,17,23,8,2262,0
25,2847,6,21,5,2758,0
22,21620,0,20,1,4637,0
11,1484,2,10,6,1298,0
33,30904,3,30,6,2904,0
78,97306,0,73,3,5774,0
18,1627,2,15,6,2012,0
2,124,0,0,0,0,1
2,124,0,0,0,0,1
20,1272,18,23,8,2126,0
16,12391,2,21,7,3591,0
3,186,0,0,0,0,1
2,124,0,0,0,0,1
0,0,0,0,0,0,0
157,244958,89,95,9,7848,0
13,1927,0,11,2,1652,0
6,456,0,20,4,1823,0
3,186,0,0,0,0,1
2,124,0,0,0,0,1
56,81223,37,46,6,5159,0
2,124,0,0,0,0,1
2,124,0,0,0,0,1
2,124,0,0,0,0,1
3,186,0,0,0,0,1
12,1496,0,7,2,1433,0
4,246,2,2,1,356,0
15,3046,0,10,4,1850,0
7,432,3,4,2,432,0
2,124,0,0,0,0,1
4,244,3,9,5,702,0
8,508,5,16,6,1020,1
3,186,0,0,0,0,1
4,354,1,1,1,90,1
2,124,0,0,0,0,1
3,186,0,0,0,0,1
2,124,0,0,0,0,1
3,186,0,0,0,0,1
0,0,0,0,0,0,0
0,0,0,0,0,0,0
47,44519,3,47,8,4064,0
3,186,0,0,0,0,1
3,186,0,0,0,0,1
35,21489,7,31,6,4535,0
19,14395,2,14,6,1789,0
68,137144,2,70,6,5740,0
2,124,0,0,0,0,1
2,124,0,0,0,0,1
7,442,5,6,2,564,0
17,3490,0,21,4,3146,0
2,124,0,0,0,0,1
3,186,0,0,0,0,1
2,124,0,0,0,0,1
19,2517,3,10,3,2010,0
3,186,0,0,0,0,1
2,124,0,0,0,0,1
33,3181,20,29,8,4499,0
0,0,0,0,0,0,0
3,186,0,0,0,0,1
3,186,0,0,0,0,1
23,7356,10,33,8,4412,0
5,416,1,1,1,90,1
22,4491,3,19,7,2900,0
11,752,7,7,2,582,0
9,564,3,6,4,552,0
2,124,0,0,0,0,1
5,416,1,1,1,90,1
3,186,0,0,0,0,1
26,8161,2,22,7,2742,0
3,186,0,0,0,0,1
3,186,0,0,0,0,1
2,124,0,0,0,0,1
89,132181,2,83,6,6945,0
0,0,0,0,0,0,0
28,3039,6,19,11,2776,0
